name,metacritic,Predicted Metacritic Score,absolute_error,relative_error
Resident Evil Outbreak: File 2,58.0,76.10546614975792,18.105466149757916,-18.105466149757916
MASSIVE CHALICE,73.0,65.0312493085514,7.968750691448605,7.968750691448605
Fahrenheit (Indigo Prophecy),85.0,69.6524147827288,15.347585217271202,15.347585217271202
Dragon Age: Origins - Ultimate Edition,88.0,75.22658964795517,12.773410352044834,12.773410352044834
Stories: The Path of Destinies,74.0,73.27655419342392,0.7234458065760805,0.7234458065760805
Q.U.B.E. 2,75.0,68.95761524581005,6.042384754189953,6.042384754189953
Eagle Flight,74.0,68.28400424834678,5.7159957516532245,5.7159957516532245
The Elder Scrolls V: Skyrim,94.0,81.64307030557416,12.356929694425844,12.356929694425844
Forza Motorsport 7,84.0,74.29226637901661,9.70773362098339,9.70773362098339
Sacred Citadel,61.0,72.84597231832485,11.845972318324854,-11.845972318324854
Subject 13,59.0,71.12981255860907,12.129812558609075,-12.129812558609075
Road Not Taken,75.0,76.97265670453454,1.9726567045345433,-1.9726567045345433
Divinity: Original Sin - Enhanced Edition,94.0,75.66721031779693,18.33278968220307,18.33278968220307
Red Dead Revolver,73.0,76.87500626383235,3.875006263832347,-3.875006263832347
LUFTRAUSERS,80.0,74.2037185788092,5.796281421190798,5.796281421190798
WRC Powerslide,60.0,74.87548367884943,14.875483678849434,-14.875483678849434
NieR:Automata Game of the YoRHa Edition,91.0,73.10898207628776,17.89101792371224,17.89101792371224
KILL la KILL - IF,66.0,79.62964908171384,13.629649081713836,-13.629649081713836
Intrusion 2,80.0,75.18693655350901,4.813063446490986,4.813063446490986
Fate of the World,70.0,73.81209934886381,3.8120993488638106,-3.8120993488638106
Project CARS 2,86.0,77.31822381460691,8.68177618539309,8.68177618539309
The Moment of Silence,70.0,68.9789253717162,1.0210746282837988,1.0210746282837988
Perimeter 2: New Earth,43.0,73.48746611861432,30.48746611861432,-30.48746611861432
Devil May Cry 4,78.0,76.2410183530807,1.7589816469192954,1.7589816469192954
Antihero,81.0,73.85526598381466,7.144734016185339,7.144734016185339
The Silver Case,67.0,78.24680812015865,11.246808120158647,-11.246808120158647
The Awesome Adventures of Captain Spirit,77.0,72.80663051766243,4.193369482337573,4.193369482337573
Bloodborne,92.0,83.39240189600065,8.60759810399935,8.60759810399935
nail'd,69.0,72.65373374508046,3.6537337450804586,-3.6537337450804586
Penumbra: Requiem,67.0,71.88258650786526,4.8825865078652555,-4.8825865078652555
Dark Souls II: Scholar of the First Sin,79.0,79.52809850628395,0.5280985062839534,-0.5280985062839534
Fallen Enchantress: Legendary Heroes,80.0,76.95834692847762,3.0416530715223757,3.0416530715223757
Ticket to Ride,91.0,76.165962825965,14.834037174035004,14.834037174035004
Reign: Conflict of Nations,60.0,71.9970007688698,11.997000768869796,-11.997000768869796
Beat Cop,71.0,73.03810564775301,2.0381056477530137,-2.0381056477530137
Dante's Inferno,75.0,75.44716308346281,0.44716308346281153,-0.44716308346281153
Alone With You,75.0,72.08536168670443,2.914638313295569,2.914638313295569
Tom Clancy's Ghost Recon: Advanced Warfighter,85.0,77.1912793609041,7.808720639095895,7.808720639095895
The Red Solstice,74.0,69.10799924191534,4.892000758084663,4.892000758084663
Spyro Reignited Trilogy,80.0,74.59943718484783,5.4005628151521705,5.4005628151521705
"Pokémon Diamond, Pearl",85.0,80.78133825732911,4.218661742670889,4.218661742670889
Outward,65.0,74.04076323162217,9.040763231622165,-9.040763231622165
Candle: The Power of the Flame,80.0,70.81297687285111,9.18702312714889,9.18702312714889
A Way Out,78.0,76.54477967450815,1.455220325491851,1.455220325491851
Final Fantasy X-2,85.0,79.55867828080204,5.441321719197958,5.441321719197958
Final Fantasy VII Remake,87.0,83.5365631411489,3.4634368588510966,3.4634368588510966
Sayonara Wild Hearts,85.0,79.29649546476347,5.703504535236533,5.703504535236533
Ace Combat 5: The Unsung War,84.0,77.02026961974782,6.979730380252178,6.979730380252178
MacGuffin's Curse,73.0,69.14679093285928,3.8532090671407246,3.8532090671407246
Destiny 2: Warmind,64.0,83.75507308114743,19.75507308114743,-19.75507308114743
EA SPORTS FIFA 17,85.0,76.64882704122013,8.35117295877987,8.35117295877987
Ship Simulator Extremes,49.0,72.9322905857285,23.932290585728495,-23.932290585728495
Only If,39.0,70.26937682019395,31.269376820193955,-31.269376820193955
The Sims,88.0,75.95644680988572,12.043553190114281,12.043553190114281
Resonance,76.0,74.14835878039142,1.851641219608581,1.851641219608581
Dangerous High School Girls in Trouble!,81.0,73.47134496506644,7.528655034933564,7.528655034933564
Seven: The Days Long Gone,68.0,67.15196244950286,0.8480375504971391,0.8480375504971391
"Pokémon Alpha Sapphire, Omega Ruby",83.0,81.87335618669962,1.126643813300376,1.126643813300376
Iron Warriors: T - 72 Tank Command,56.0,75.17412881723583,19.174128817235825,-19.174128817235825
Metal Gear Solid,88.0,70.88721693199412,17.112783068005882,17.112783068005882
HOARD,65.0,69.09308128785837,4.093081287858368,-4.093081287858368
Apotheon,78.0,76.98622830873876,1.0137716912612404,1.0137716912612404
S.T.A.L.K.E.R.: Call of Pripyat,80.0,79.31512187517203,0.6848781248279749,0.6848781248279749
LEGO Batman 2 DC Super Heroes,75.0,74.58723514848487,0.412764851515135,0.412764851515135
GNOG,76.0,75.04135295594529,0.9586470440547146,0.9586470440547146
BioShock Infinite: Burial at Sea - Episode One,71.0,73.54800390066855,2.5480039006685473,-2.5480039006685473
Burnout 3: Takedown,94.0,79.59593241749224,14.404067582507764,14.404067582507764
Killzone,70.0,77.40992113584032,7.409921135840321,-7.409921135840321
Skyshine's BEDLAM,67.0,68.18528999250739,1.1852899925073928,-1.1852899925073928
WORLD OF WARSHIPS: LEGENDS,82.0,79.07538788265147,2.9246121173485307,2.9246121173485307
Call of Juarez: The Cartel,51.0,68.66916422564923,17.669164225649226,-17.669164225649226
Strong Bad's Cool Game for Attractive People,82.0,72.34523051864208,9.654769481357917,9.654769481357917
Divinity: Dragon Commander,76.0,77.81827304888722,1.818273048887221,-1.818273048887221
The Lost Crown: A Ghosthunting Adventure,71.0,71.43350075346594,0.4335007534659354,-0.4335007534659354
Final Fantasy XV: Episode Prompto,65.0,73.30204123366217,8.302041233662166,-8.302041233662166
Starlink: Battle for Atlas,74.0,68.68062611942348,5.319373880576521,5.319373880576521
Rayman Raving Rabbids,58.0,70.99145050013105,12.991450500131052,-12.991450500131052
Fire Emblem: Path of Radiance,85.0,79.9757421716171,5.0242578283829005,5.0242578283829005
XCOM: Chimera Squad,77.0,76.14874432197946,0.8512556780205358,0.8512556780205358
The Witness,87.0,80.81107901607903,6.188920983920966,6.188920983920966
Perimeter: Emperor's Testament,72.0,73.48746611861432,1.4874661186143214,-1.4874661186143214
Damnation,41.0,71.0647289262713,30.0647289262713,-30.0647289262713
Cold War,64.0,69.54870691485057,5.54870691485057,-5.54870691485057
Half-Life 2: Update,96.0,75.147675999244,20.852324000756,20.852324000756
Spacebase DF-9,49.0,72.20199259550978,23.20199259550978,-23.20199259550978
Velvet Assassin,61.0,73.04920961047904,12.04920961047904,-12.04920961047904
Battleborn,69.0,73.54505216120359,4.545052161203586,-4.545052161203586
Streets of Rage 4,83.0,71.69097823353292,11.309021766467083,11.309021766467083
Four Last Things,83.0,69.48927869200807,13.510721307991929,13.510721307991929
AquaNox 2: Revelation,59.0,71.9895588702364,12.989558870236394,-12.989558870236394
Croixleur Sigma,56.0,69.82424924957,13.824249249570002,-13.824249249570002
Owlboy,88.0,82.54076321146287,5.459236788537126,5.459236788537126
The Movies,84.0,74.0363815102132,9.963618489786796,9.963618489786796
Cossacks: Art of War,74.0,72.91800126185534,1.0819987381446623,1.0819987381446623
LEGO Star Wars - The Complete Saga,77.0,75.05453980827625,1.945460191723754,1.945460191723754
Trials Rising,81.0,76.39085587981815,4.609144120181853,4.609144120181853
Wargame: Airland Battle,80.0,77.69625990162223,2.303740098377773,2.303740098377773
FIFA 14,86.0,79.98728845267857,6.01271154732143,6.01271154732143
Phoning Home,61.0,72.33035499594666,11.330354995946664,-11.330354995946664
The Walking Dead: The Final Season,78.0,77.28440720097957,0.7155927990204276,0.7155927990204276
King Arthur: Fallen Champions,54.0,73.13530378006399,19.135303780063992,-19.135303780063992
Cossacks: Back to War,60.0,74.22888540133951,14.228885401339511,-14.228885401339511
Final Fantasy IX,84.0,80.67078895549963,3.3292110445003686,3.3292110445003686
RONIN,70.0,75.72706950898228,5.727069508982282,-5.727069508982282
Broforce,83.0,82.013396422331,0.9866035776690012,0.9866035776690012
Crazy Taxi 2,82.0,74.97992780716332,7.020072192836679,7.020072192836679
Fallout 3: Point Lookout,79.0,73.43324569657106,5.566754303428937,5.566754303428937
Toukiden 2,73.0,69.52032994201083,3.4796700579891677,3.4796700579891677
Eternal Sonata,80.0,79.9747708491316,0.025229150868398165,0.025229150868398165
Heroes of Might and Magic V,77.0,73.36158964320627,3.6384103567937274,3.6384103567937274
Legends of Runeterra,87.0,76.69659995187277,10.30340004812723,10.30340004812723
Warface: Ice Breaker,62.0,74.7373344894764,12.737334489476396,-12.737334489476396
Prototype 2,76.0,73.67971170554544,2.3202882944545564,2.3202882944545564
Crimsonland,68.0,77.08506685771255,9.085066857712548,-9.085066857712548
The Elder Scrolls V: Skyrim - Hearthfire,62.0,75.69676104563027,13.696761045630268,-13.696761045630268
Slay the Spire,87.0,80.91939887350742,6.080601126492581,6.080601126492581
Dex,62.0,72.58424565841294,10.58424565841294,-10.58424565841294
Styx: Shards of Darkness,72.0,70.35639942238848,1.6436005776115223,1.6436005776115223
Bastion,86.0,81.13090941726348,4.8690905827365185,4.8690905827365185
Super Mario Maker,80.0,83.23117254349,3.231172543490004,-3.231172543490004
Killzone 2,91.0,77.40992113584032,13.590078864159679,13.590078864159679
The Bug Butcher,81.0,78.98624501570686,2.0137549842931435,2.0137549842931435
Eurofighter Typhoon,69.0,70.39107482993829,1.3910748299382902,-1.3910748299382902
Yakuza 4,78.0,81.86719711461879,3.86719711461879,-3.86719711461879
Sonic Adventure 2 Battle,73.0,77.45088487496876,4.450884874968764,-4.450884874968764
Burly Men at Sea,82.0,82.7153653591194,0.7153653591194029,-0.7153653591194029
Rabbids Go Home,78.0,76.47711216130031,1.5228878386996882,1.5228878386996882
Through the Woods,63.0,69.6932702909131,6.693270290913105,-6.693270290913105
Fallout 76,51.0,77.08889803880706,26.08889803880706,-26.08889803880706
Prey - Mooncrash,80.0,72.45689521505871,7.543104784941292,7.543104784941292
Lords of the Fallen,73.0,75.2701730023467,2.270173002346695,-2.270173002346695
Star Trek: Bridge Crew,75.0,72.06400468471011,2.9359953152898868,2.9359953152898868
OlliOlli,78.0,79.8242317604729,1.8242317604728981,-1.8242317604728981
Natural Selection 2,80.0,78.88831400343808,1.111685996561917,1.111685996561917
Xenonauts,77.0,73.38296029323234,3.617039706767656,3.617039706767656
The Void,77.0,71.16056024218395,5.839439757816052,5.839439757816052
SkyDrift,73.0,70.48822888294804,2.511771117051964,2.511771117051964
Space Hulk,58.0,77.14360357013342,19.143603570133422,-19.143603570133422
Tokyo Xanadu eX+,75.0,70.88538891968085,4.1146110803191505,4.1146110803191505
LEGO Indiana Jones: The Original Adventures,78.0,70.87403417415186,7.125965825848141,7.125965825848141
The Legend of Zelda: Breath of the Wild,97.0,80.94636291847354,16.05363708152646,16.05363708152646
Fire Emblem Warriors,72.0,81.87335618669962,9.873356186699624,-9.873356186699624
GRID (2019),75.0,74.87983049036092,0.12016950963908357,0.12016950963908357
Baba Is You,86.0,76.42104349141584,9.578956508584156,9.578956508584156
Call of Juarez,72.0,74.23638939950197,2.2363893995019737,-2.2363893995019737
Need for Speed Rivals,77.0,76.30361918919844,0.696380810801557,0.696380810801557
Multiwinia,76.0,73.64455702765513,2.355442972344875,2.355442972344875
>observer_,77.0,78.28770024227688,1.287700242276884,-1.287700242276884
Insurgency,74.0,77.43315939261744,3.4331593926174406,-3.4331593926174406
Heavenly Sword,79.0,78.88296807079153,0.11703192920846561,0.11703192920846561
Grand Ages: Medieval,63.0,72.0270413822282,9.027041382228205,-9.027041382228205
Watchmen: The End is Nigh,61.0,72.71854325295051,11.71854325295051,-11.71854325295051
Valkyria Chronicles 4,83.0,77.14164045863151,5.858359541368486,5.858359541368486
Starbound,81.0,77.68713843882655,3.312861561173449,3.312861561173449
Sherlock Holmes: The Mystery of the Mummy,61.0,72.38091878940585,11.380918789405854,-11.380918789405854
Greedfall,74.0,71.76243916350133,2.237560836498673,2.237560836498673
Order of Battle: World War II,81.0,80.73745419667266,0.2625458033273418,0.2625458033273418
Iron Brigade,75.0,72.28274476166298,2.7172552383370174,2.7172552383370174
Muse Dash,73.0,74.65359330288982,1.653593302889817,-1.653593302889817
Freedom Force vs. the Third Reich,86.0,74.94263808805601,11.057361911943985,11.057361911943985
Killing Floor,72.0,74.59507194759635,2.5950719475963524,-2.5950719475963524
Need for Speed: Shift,83.0,73.43347512438227,9.56652487561773,9.56652487561773
Hidden Agenda,66.0,79.92342606034765,13.923426060347651,-13.923426060347651
Yoshi's Crafted World,79.0,82.02810955604224,3.0281095560422386,-3.0281095560422386
Loki,61.0,73.4324688526063,12.432468852606306,-12.432468852606306
The Final Station,76.0,76.77833799086095,0.7783379908609476,-0.7783379908609476
Before the Echo,70.0,70.88568111793631,0.8856811179363149,-0.8856811179363149
Sonic Generations,77.0,82.84075339114835,5.840753391148354,-5.840753391148354
Dungeon Siege 2,80.0,69.4797910404682,10.5202089595318,10.5202089595318
Dark Devotion,70.0,73.52208242016638,3.5220824201663845,-3.5220824201663845
Dungeons - The Dark Lord,72.0,72.80164688565522,0.8016468856552166,-0.8016468856552166
Hektor,55.0,67.89146279906433,12.891462799064328,-12.891462799064328
The Novelist,66.0,74.70075331412067,8.700753314120675,-8.700753314120675
FEZ,91.0,82.21206153136279,8.787938468637208,8.787938468637208
Celeste,91.0,81.51599073200559,9.48400926799441,9.48400926799441
Far Cry 3 - Blood Dragon,81.0,74.10509863842029,6.894901361579713,6.894901361579713
World of Warcraft: Legion,88.0,78.50966264080364,9.49033735919636,9.49033735919636
Day of Defeat,79.0,77.81180777580738,1.188192224192619,1.188192224192619
SWAT 4,85.0,72.8841606501848,12.115839349815204,12.115839349815204
I Expect You To Die,76.0,70.4533162798642,5.546683720135803,5.546683720135803
METAL GEAR SOLID V: THE PHANTOM PAIN,91.0,78.98321865650627,12.016781343493733,12.016781343493733
Beijing 2008 - The Official Video Game of the Olympic Games,57.0,72.68472230771505,15.684722307715049,-15.684722307715049
World War III: Black Gold,71.0,75.90319429712008,4.903194297120081,-4.903194297120081
Lost Horizon,77.0,69.0650686097532,7.934931390246803,7.934931390246803
Neverending Nightmares,68.0,64.92194181186787,3.0780581881321325,3.0780581881321325
Yaga,70.0,81.06703334916803,11.067033349168028,-11.067033349168028
FINAL FANTASY III,68.0,78.97347248708783,10.973472487087832,-10.973472487087832
Two Worlds,58.0,75.98217418242447,17.982174182424473,-17.982174182424473
ZONE OF THE ENDERS: The 2nd Runner - M∀RS,71.0,71.921825231466,0.921825231466002,-0.921825231466002
Shin Megami Tensei: Persona 3,86.0,81.71034820007591,4.289651799924087,4.289651799924087
Saints Row: The Third Remastered,73.0,74.65205761442718,1.6520576144271786,-1.6520576144271786
XCOM 2,88.0,82.29865763639278,5.701342363607225,5.701342363607225
The Getaway,72.0,78.66481065364077,6.664810653640771,-6.664810653640771
Scribblenauts Unlimited,75.0,83.17545833487134,8.175458334871337,-8.175458334871337
FTL: Faster Than Light,84.0,82.3859001756406,1.6140998243593998,1.6140998243593998
Kholat,64.0,73.9118211510448,9.911821151044805,-9.911821151044805
Viridi,46.0,75.75019739040579,29.750197390405788,-29.750197390405788
"Warhammer 40,000: Dawn of War II Chaos Rising",85.0,76.99533389820743,8.004666101792566,8.004666101792566
Mario Kart 8,88.0,83.49459917517387,4.5054008248261255,4.5054008248261255
World of Warplanes,69.0,71.35148918900691,2.3514891890069123,-2.3514891890069123
Mosaic,67.0,76.18057131074266,9.180571310742664,-9.180571310742664
The Long Journey Home,68.0,75.94701185660027,7.94701185660027,-7.94701185660027
The Walking Dead: A New Frontier,71.0,74.73147716225077,3.731477162250769,-3.731477162250769
Warcraft III: Reforged,59.0,79.61144583398148,20.611445833981477,-20.611445833981477
Brigador,70.0,70.10431323045684,0.10431323045683882,-0.10431323045683882
Death's Gambit,72.0,79.31482057216385,7.314820572163853,-7.314820572163853
Dead Island,74.0,74.14604237300617,0.14604237300616774,-0.14604237300616774
S.T.A.L.K.E.R.: Shadow of Chernobyl,82.0,75.84861521881376,6.151384781186238,6.151384781186238
Still Life,75.0,70.87486024705652,4.125139752943483,4.125139752943483
Farming Simulator 15,64.0,79.77789971943312,15.777899719433123,-15.777899719433123
Space Channel 5: Part 2,78.0,72.2198530043201,5.7801469956799,5.7801469956799
Comanche 4,74.0,70.05741793552951,3.9425820644704856,3.9425820644704856
Catwoman,46.0,70.42885963437293,24.428859634372927,-24.428859634372927
Mirror's Edge,81.0,77.38954479137564,3.6104552086243586,3.6104552086243586
Tron 2.0,84.0,76.81488465776329,7.185115342236713,7.185115342236713
Alien Breed: Impact,64.0,68.36954164759666,4.369541647596662,-4.369541647596662
Knack 2,71.0,75.63825190647576,4.638251906475759,-4.638251906475759
Men of War,80.0,80.24518126395331,0.24518126395331308,-0.24518126395331308
Bionic Dues,71.0,74.91104791966418,3.9110479196641847,-3.9110479196641847
ELEX,59.0,69.80825929349074,10.808259293490735,-10.808259293490735
The Book of Unwritten Tales,82.0,74.8425588833887,7.157441116611295,7.157441116611295
Earth 2150 Trilogy,78.0,77.40279883923614,0.5972011607638592,0.5972011607638592
Half-Life 2: Episode One,87.0,79.17883732838486,7.8211626716151414,7.8211626716151414
Rayman Origins,86.0,83.17963011436872,2.8203698856312798,2.8203698856312798
We Love Katamari,86.0,77.07535294550132,8.924647054498678,8.924647054498678
Maize,65.0,70.62025626194668,5.620256261946679,-5.620256261946679
Banjo-Kazooie,92.0,78.82183871424468,13.178161285755323,13.178161285755323
Rock of Ages 2: Bigger & Boulder,77.0,73.46560729447802,3.534392705521981,3.534392705521981
FINAL FANTASY IV,87.0,80.08301291363932,6.9169870863606775,6.9169870863606775
Halcyon 6: Starbase Commander,71.0,78.75050025485051,7.7505002548505075,-7.7505002548505075
Brothers in Arms: Road to Hill 30,87.0,76.92076872757167,10.07923127242833,10.07923127242833
Sam & Max: Episode 202 - Moai Better Blues,80.0,74.01753974487343,5.982460255126568,5.982460255126568
SteamWorld Dig 2,88.0,76.46762012610411,11.532379873895891,11.532379873895891
Has-Been Heroes,63.0,67.31787911894922,4.317879118949222,-4.317879118949222
Xenoblade Chronicles 3D,86.0,79.60984083764042,6.390159162359581,6.390159162359581
Nancy Drew: The Phantom of Venice,69.0,71.29034767179215,2.290347671792148,-2.290347671792148
BioShock Infinite,94.0,74.12058470490564,19.87941529509436,19.87941529509436
Lightmatter,73.0,76.40029575480251,3.4002957548025137,-3.4002957548025137
Ninja Pizza Girl,82.0,72.85654261985437,9.143457380145634,9.143457380145634
Headlander,74.0,73.26794700415381,0.732052995846189,0.732052995846189
Nancy Drew: The Creature of Kapu Cave,68.0,71.29034767179215,3.290347671792148,-3.290347671792148
Tiny and Big: Grandpa's Leftovers,75.0,67.25900417275851,7.740995827241491,7.740995827241491
Star Control: Origins,75.0,80.75619743554785,5.756197435547847,-5.756197435547847
Lichdom: Battlemage,69.0,72.03429534276734,3.0342953427673365,-3.0342953427673365
METAL GEAR SOLID V: GROUND ZEROES,80.0,76.41577662183501,3.5842233781649924,3.5842233781649924
Dying Light: The Following - Enhanced Edition,87.0,70.71762211860394,16.28237788139606,16.28237788139606
Fire Emblem Heroes,72.0,78.3869364506454,6.386936450645393,-6.386936450645393
FINAL FANTASY VIII,90.0,80.58179569189866,9.418204308101338,9.418204308101338
Cradle,65.0,69.7568456454728,4.756845645472794,-4.756845645472794
Wolcen: Lords of Mayhem,60.0,72.35303696319136,12.353036963191357,-12.353036963191357
Oceanhorn 2: Knights of the Lost Realm,69.0,73.93170716643488,4.931707166434876,-4.931707166434876
The Flame in the Flood,73.0,73.98827167597842,0.9882716759784245,-0.9882716759784245
Forza Motorsport 6,87.0,74.51992667104099,12.480073328959008,12.480073328959008
Ride 2,67.0,70.9544845740985,3.954484574098501,-3.954484574098501
Transformers: The Game,56.0,79.25746598690489,23.25746598690489,-23.25746598690489
Blackguards,68.0,76.30994264197827,8.309942641978267,-8.309942641978267
Wolfenstein: The Old Blood,76.0,75.68973301489544,0.31026698510456185,0.31026698510456185
Grand Theft Auto IV: Complete Edition,94.0,71.44736014003928,22.55263985996072,22.55263985996072
Men of War: Red Tide,77.0,73.26142895072672,3.7385710492732755,3.7385710492732755
Kingdom Hearts Re:Chain of Memories,68.0,79.55867828080204,11.558678280802042,-11.558678280802042
Sleeping Dogs,81.0,77.11213811622943,3.8878618837705687,3.8878618837705687
Fable: The Lost Chapters,83.0,81.8100560711029,1.1899439288970939,1.1899439288970939
King Arthur's Gold,81.0,77.47787402831767,3.5221259716823283,3.5221259716823283
The Dream Machine: Chapter 1 & 2,75.0,73.93786996357792,1.0621300364220758,1.0621300364220758
Warhammer: End Times - Vermintide,79.0,69.11161253425999,9.88838746574001,9.88838746574001
Rico,60.0,76.3794287284899,16.3794287284899,-16.3794287284899
TimeShift,71.0,78.16072491820557,7.160724918205574,-7.160724918205574
Sonic Mania,85.0,83.40675356035268,1.5932464396473165,1.5932464396473165
Stories Untold,81.0,72.76886452814219,8.231135471857812,8.231135471857812
Brut@l,66.0,68.52626431923822,2.526264319238223,-2.526264319238223
GoD Factory: Wingmen,76.0,70.62919127536378,5.37080872463622,5.37080872463622
Recettear: An Item Shop's Tale,82.0,73.08767296098969,8.912327039010307,8.912327039010307
Moons of Madness,65.0,71.31271867391722,6.312718673917217,-6.312718673917217
Prey (2006),83.0,73.86427409129024,9.135725908709759,9.135725908709759
Dark Souls III: The Ringed City,83.0,73.140997947741,9.859002052259001,9.859002052259001
Devil's Hunt,47.0,69.15417574463777,22.15417574463777,-22.15417574463777
Avadon: The Black Fortress,75.0,78.88611337320037,3.8861133732003736,-3.8861133732003736
Dark Souls III,89.0,79.51371909755514,9.48628090244486,9.48628090244486
Space Hack,63.0,68.43099240766514,5.430992407665144,-5.430992407665144
Cat Quest II,77.0,72.97037740100197,4.029622598998031,4.029622598998031
System Shock,85.0,77.74478736793984,7.255212632060164,7.255212632060164
Shattered Haven,59.0,68.13365279677738,9.133652796777383,-9.133652796777383
Control,84.0,79.6247983853096,4.375201614690397,4.375201614690397
Steel Storm: Burning Retribution,55.0,67.12969140825915,12.129691408259148,-12.129691408259148
Trine 2: Complete Story,84.0,80.68307886258927,3.3169211374107306,3.3169211374107306
TurnOn,67.0,75.80984508184395,8.809845081843946,-8.809845081843946
Action Henk,74.0,70.05603572858057,3.943964271419432,3.943964271419432
Jump Force,59.0,74.80586247399836,15.80586247399836,-15.80586247399836
Evil Genius,75.0,77.73700347272214,2.7370034727221366,-2.7370034727221366
Untitled Goose Game,80.0,72.48339469903385,7.516605300966148,7.516605300966148
Ori and the Blind Forest: Definitive Edition,88.0,86.12904236873585,1.8709576312641474,1.8709576312641474
LocoRoco,83.0,77.82535505572417,5.174644944275826,5.174644944275826
UNCHARTED: Drake's Fortune,88.0,75.30927737521105,12.690722624788947,12.690722624788947
Tomb Raider: Underworld,80.0,80.92163354009321,0.921633540093211,-0.921633540093211
Legacy of Kain: Soul Reaver 2,77.0,72.07263324992542,4.927366750074583,4.927366750074583
Thief II: The Metal Age,87.0,71.97943383389307,15.020566166106931,15.020566166106931
Kraven Manor,58.0,64.97997078201178,6.979970782011776,-6.979970782011776
Knights And Bikes,80.0,74.53534306820342,5.464656931796583,5.464656931796583
Tom Clancy's Rainbow Six 3 Gold,85.0,70.05612715025566,14.943872849744338,14.943872849744338
The Infectious Madness of Doctor Dekker,78.0,71.53343439538313,6.466565604616875,6.466565604616875
DmC: Devil May Cry: Definitive Edition,83.0,74.63750750512725,8.362492494872754,8.362492494872754
Redeemer,64.0,71.9599580800545,7.959958080054506,-7.959958080054506
The Inner World,72.0,75.60314295089908,3.603142950899084,-3.603142950899084
Tiny Troopers,57.0,70.77297599300164,13.772975993001637,-13.772975993001637
Baldur's Gate: Enhanced Edition,78.0,84.04414664241506,6.044146642415058,-6.044146642415058
Rome: Total War - Collection,92.0,79.23583186964473,12.764168130355273,12.764168130355273
Dark Void,57.0,70.76176532880228,13.761765328802284,-13.761765328802284
Onimusha: Warlords,86.0,69.35315333532319,16.646846664676815,16.646846664676815
LEGO Batman,80.0,75.21140544114051,4.7885945588594865,4.7885945588594865
The Count Lucanor,78.0,76.25363162826258,1.746368371737418,1.746368371737418
Burnout Revenge,89.0,77.60892912033586,11.391070879664142,11.391070879664142
Chuchel,80.0,72.98223264287076,7.0177673571292445,7.0177673571292445
"Gabriel Knight 3: Blood of the Sacred, Blood of the Damned",80.0,71.29034767179215,8.709652328207852,8.709652328207852
Feudal Alloy,76.0,78.93713467350881,2.937134673508808,-2.937134673508808
The Book of Unwritten Tales 2,80.0,77.12695546334746,2.873044536652543,2.873044536652543
Spate,61.0,65.88810074142673,4.888100741426726,-4.888100741426726
Lords of Xulima,71.0,68.66094660886,2.3390533911399984,2.3390533911399984
God Eater 3,72.0,78.32917182821416,6.329171828214157,-6.329171828214157
Hawken,73.0,74.41752471720532,1.4175247172053247,-1.4175247172053247
Fade to Silence,56.0,74.17603388215213,18.176033882152126,-18.176033882152126
Pacific Storm Allies,60.0,69.97785717907546,9.977857179075457,-9.977857179075457
Destiny 2: Shadowkeep,75.0,72.37260258367021,2.627397416329785,2.627397416329785
Deus Ex: Human Revolution - Director's Cut,91.0,82.26691633028412,8.733083669715882,8.733083669715882
FAR: Lone Sails,84.0,79.55851273336533,4.441487266634667,4.441487266634667
Uurnog Uurnlimited,74.0,77.52189388384048,3.5218938838404767,-3.5218938838404767
Need for Speed Payback,61.0,77.84840708432279,16.848407084322787,-16.848407084322787
Kathy Rain,77.0,80.97364256642197,3.9736425664219723,-3.9736425664219723
God of War (2005),94.0,78.41201538884103,15.587984611158973,15.587984611158973
LEGO Batman 3: Beyond Gotham,74.0,75.13275749202649,1.1327574920264851,-1.1327574920264851
Just Cause 4,68.0,73.92999076359273,5.929990763592727,-5.929990763592727
Pinball FX2,84.0,72.5016181522411,11.498381847758907,11.498381847758907
BloodRayne 2,67.0,64.11652268439433,2.883477315605674,2.883477315605674
Gran Turismo 4,89.0,79.37786007708749,9.62213992291251,9.62213992291251
Everything,78.0,76.85356957303922,1.1464304269607766,1.1464304269607766
The Legend of Zelda: A Link Between Worlds,91.0,79.88747063016783,11.112529369832174,11.112529369832174
Shadowgrounds,74.0,68.87385761959243,5.126142380407572,5.126142380407572
Sang-Froid - Tales of Werewolves,79.0,68.27420271723417,10.725797282765825,10.725797282765825
STAR OCEAN: INTEGRITY AND FAITHLESSNESS,58.0,79.972906663282,21.972906663282004,-21.972906663282004
Splice,70.0,74.01904970976744,4.019049709767444,-4.019049709767444
RUINER,78.0,69.51871299138008,8.481287008619915,8.481287008619915
Army Men RTS,67.0,75.38352198620592,8.38352198620592,-8.38352198620592
Giana Sisters: Twisted Dreams - Rise of the Owlverlord,84.0,69.30383853515882,14.696161464841182,14.696161464841182
Duskers,83.0,78.10295821296961,4.897041787030389,4.897041787030389
Terrian Saga: KR-17,83.0,69.93396172297807,13.066038277021931,13.066038277021931
The Sexy Brutale,83.0,75.11175424315108,7.888245756848917,7.888245756848917
The Walking Dead: Season 1,92.0,76.34446346234478,15.655536537655223,15.655536537655223
Firefall,60.0,71.17059391259451,11.170593912594512,-11.170593912594512
Planetary Annihilation,62.0,75.5059412196501,13.505941219650097,-13.505941219650097
Sonic Advance,85.0,77.90117966782852,7.098820332171485,7.098820332171485
Predator: Hunting Grounds,59.0,75.0850643581593,16.0850643581593,-16.0850643581593
Battlefleet Gothic: Armada 2,77.0,71.42516128483084,5.5748387151691645,5.5748387151691645
Marc Ecko's Getting Up: Contents Under Pressure,69.0,71.87553481892604,2.8755348189260417,-2.8755348189260417
X-Men Arcade,67.0,75.71205459858983,8.71205459858983,-8.71205459858983
Kingdoms and Castles,72.0,71.88742738488591,0.11257261511408956,0.11257261511408956
Battlefield: Bad Company 2 - Vietnam,86.0,75.84630619991417,10.153693800085833,10.153693800085833
Lara Croft and the Guardian of Light,82.0,72.20103483082313,9.798965169176867,9.798965169176867
Hostile Waters: Antaeus Rising,80.0,71.24151646787695,8.758483532123051,8.758483532123051
Mario & Luigi: Partners in Time,86.0,81.87335618669962,4.126643813300376,4.126643813300376
Blocks That Matter,72.0,71.6200437685224,0.3799562314776068,0.3799562314776068
NaissanceE,66.0,72.53917164673152,6.539171646731518,-6.539171646731518
Metroid Prime,97.0,76.8376357550569,20.162364244943106,20.162364244943106
Heat Signature,79.0,67.87362871031279,11.126371289687214,11.126371289687214
Her Majesty's SPIFFING,60.0,75.68928373049457,15.689283730494566,-15.689283730494566
Rogue Stormers,68.0,72.98313603351653,4.98313603351653,-4.98313603351653
FlatOut 4: Total Insanity,52.0,72.11162135775223,20.111621357752227,-20.111621357752227
Tidalis,75.0,75.29764870393863,0.2976487039386342,-0.2976487039386342
Star Wars: Battlefront,76.0,75.6203043903029,0.3796956096970945,0.3796956096970945
Wargame: European Escalation,81.0,77.83519152907849,3.164808470921514,3.164808470921514
Overcooked! 2,82.0,71.34984476434312,10.650155235656882,10.650155235656882
Gunpoint,83.0,73.98675952862408,9.013240471375923,9.013240471375923
Sacred,74.0,72.76940244608731,1.2305975539126877,1.2305975539126877
Fallout 4: Wasteland Workshop,53.0,74.44187152782982,21.441871527829818,-21.441871527829818
Phoenix Wright: Ace Attorney - Dual Destinies,83.0,82.53354517048798,0.466454829512017,0.466454829512017
Two Worlds II,76.0,79.53399501152418,3.5339950115241834,-3.5339950115241834
Forza Horizon 3,88.0,72.24467353331863,15.755326466681367,15.755326466681367
Disciples II: Rise of the Elves,80.0,75.60338949720251,4.396610502797486,4.396610502797486
The Crew,71.0,79.12121984075281,8.121219840752815,-8.121219840752815
Patrician III,75.0,69.6350235053225,5.3649764946775065,5.3649764946775065
Resident Evil 3,80.0,74.13564578719243,5.864354212807569,5.864354212807569
Uncharted 4: A Thief’s End,93.0,80.0682881664173,12.931711833582696,12.931711833582696
Yesterday Origins,74.0,74.93770823906007,0.937708239060072,-0.937708239060072
Crowntakers,70.0,69.54679894926457,0.45320105073543004,0.45320105073543004
Dementium II HD,37.0,62.83312562758902,25.83312562758902,-25.83312562758902
Slime Rancher,81.0,70.84561952478651,10.154380475213486,10.154380475213486
The Red Strings Club,80.0,75.06058699596095,4.939413004039054,4.939413004039054
Valkyrie Profile,81.0,77.76373292349155,3.2362670765084545,3.2362670765084545
Stronghold HD,81.0,79.62925387197816,1.3707461280218354,1.3707461280218354
Medieval II: Total War,88.0,77.53635668374761,10.463643316252387,10.463643316252387
Nancy Drew: Legend of the Crystal Skull,79.0,71.56748014262607,7.432519857373933,7.432519857373933
F1 2010,84.0,72.61986617834167,11.380133821658333,11.380133821658333
Outer Wilds,84.0,68.50655155940291,15.493448440597092,15.493448440597092
Gray Matter,72.0,71.37556852033183,0.6244314796681749,0.6244314796681749
Nether: Resurrected,57.0,66.523362884263,9.523362884262994,-9.523362884262994
EyeToy: Play,80.0,78.66481065364077,1.335189346359229,1.335189346359229
Battlefleet Gothic: Armada,77.0,73.18201460027835,3.8179853997216497,3.8179853997216497
RIFT,84.0,73.61675399342465,10.383246006575348,10.383246006575348
Zenith,57.0,72.48042922102981,15.480429221029809,-15.480429221029809
Windforge,53.0,75.14454355496008,22.14454355496008,-22.14454355496008
JumpJet Rex,76.0,76.98451829623124,0.9845182962312435,-0.9845182962312435
The Witcher 3: Game of the Year,92.0,80.2664259548438,11.733574045156203,11.733574045156203
Jet Li: Rise to Honor,68.0,78.58141855552901,10.581418555529012,-10.581418555529012
Zombie Driver,60.0,74.87548367884943,14.875483678849434,-14.875483678849434
Wargame: Red Dragon,78.0,79.03595756971194,1.0359575697119396,-1.0359575697119396
Stick it to The Man!,83.0,74.66627661545357,8.333723384546431,8.333723384546431
Fallout 4,84.0,76.49284512052665,7.507154879473347,7.507154879473347
Black Mirror II,71.0,74.5311883085387,3.5311883085387024,-3.5311883085387024
Titan Quest: Immortal Throne,80.0,73.75382280448231,6.246177195517689,6.246177195517689
ROME: Total War,88.0,74.4559024927245,13.544097507275495,13.544097507275495
Rocksmith,78.0,72.83179201945651,5.168207980543485,5.168207980543485
Takedown: Red Sabre,34.0,68.31542759129789,34.31542759129789,-34.31542759129789
Age of Empires II HD,68.0,79.8433814770546,11.843381477054606,-11.843381477054606
Drakensang,75.0,79.08059670190084,4.080596701900845,-4.080596701900845
LEGO Jurassic World,72.0,75.69525496858473,3.6952549685847345,-3.6952549685847345
World of Warcraft: Cataclysm,90.0,78.50966264080364,11.49033735919636,11.49033735919636
F1 2014,61.0,74.11168560445344,13.111685604453442,-13.111685604453442
Avernum: Escape From the Pit,76.0,79.98247815463975,3.9824781546397503,-3.9824781546397503
Baldur's Gate II: Shadows of Amn,95.0,78.57943097127213,16.42056902872787,16.42056902872787
Hunt: Showdown,79.0,74.35727523813124,4.642724761868763,4.642724761868763
FlatOut 2,76.0,78.62125626414404,2.621256264144037,-2.621256264144037
Bad Day L.A.,28.0,71.79214272081428,43.79214272081428,-43.79214272081428
Total War: Shogun 2 - Fall of the Samurai,86.0,77.19340178742293,8.806598212577072,8.806598212577072
Platformines,67.0,70.2668887955086,3.2668887955086063,-3.2668887955086063
Shaun White Snowboarding,61.0,76.84570843801956,15.845708438019557,-15.845708438019557
STAR WARS Knights of the Old Republic II - The Sith Lords,85.0,84.75423921583413,0.2457607841658671,0.2457607841658671
Fallout 4 VR,78.0,73.48851836162318,4.5114816383768215,4.5114816383768215
Redshirt,62.0,70.83804477073906,8.83804477073906,-8.83804477073906
Forts,74.0,75.41178371423078,1.4117837142307792,-1.4117837142307792
FINAL FANTASY XV: EPISODE GLADIOLUS,59.0,72.45512813678653,13.455128136786527,-13.455128136786527
Star Conflict,75.0,76.04870170350212,1.0487017035021182,-1.0487017035021182
Sekiro: Shadows Die Twice,90.0,80.13339760207107,9.86660239792893,9.86660239792893
War for the Overworld,65.0,72.07383878221701,7.07383878221701,-7.07383878221701
Blade Symphony,72.0,70.40570690186317,1.5942930981368306,1.5942930981368306
Kingdom: Classic,74.0,76.13280922684675,2.132809226846746,-2.132809226846746
Kid Icarus: Uprising,83.0,77.62395528110864,5.3760447188913645,5.3760447188913645
Minimum,69.0,74.57841882545624,5.5784188254562395,-5.5784188254562395
Crazy Machines 2,72.0,70.54983842453917,1.4501615754608252,1.4501615754608252
Teslagrad,77.0,78.17929693146414,1.1792969314641368,-1.1792969314641368
Conflict: Desert Storm 2 - Back to Baghdad,69.0,76.75270137505645,7.752701375056446,-7.752701375056446
Call of Duty 2,86.0,79.27834416263583,6.7216558373641675,6.7216558373641675
The Legend of Zelda: Ocarina of Time,99.0,76.72287755095942,22.277122449040576,22.277122449040576
Sunless Skies,87.0,78.60358101908626,8.396418980913737,8.396418980913737
Cat Quest,77.0,70.50125709146899,6.498742908531014,6.498742908531014
Murdered: Soul Suspect,59.0,70.05967237080816,11.059672370808158,-11.059672370808158
Ys SEVEN,80.0,68.75570769428143,11.244292305718574,11.244292305718574
Secrets of Rætikon,58.0,77.75896853354976,19.758968533549762,-19.758968533549762
Sherlock Holmes: The Silver Earring,68.0,71.56748014262607,3.567480142626067,-3.567480142626067
Frozen Synapse Prime,83.0,69.50404915661255,13.495950843387448,13.495950843387448
Alien: Isolation,81.0,77.82864999410343,3.1713500058965707,3.1713500058965707
The Golf Club 2,72.0,72.8521281625166,0.8521281625166068,-0.8521281625166068
They Are Billions,74.0,73.40256833623317,0.5974316637668267,0.5974316637668267
Mario Tennis Aces,75.0,81.96408639311427,6.964086393114272,-6.964086393114272
Thronebreaker: The Witcher Tales,84.0,77.97505379368124,6.024946206318759,6.024946206318759
Cave Story+,83.0,87.6599596900956,4.659959690095604,-4.659959690095604
Bionic Commando,69.0,73.69343149108752,4.693431491087523,-4.693431491087523
Shin Megami Tensei: Strange Journey,80.0,82.97968675649244,2.979686756492441,-2.979686756492441
Company of Heroes: Opposing Fronts,87.0,73.36898519676434,13.631014803235658,13.631014803235658
MISSING: An Interactive Thriller - Episode One,63.0,69.74082320079636,6.740823200796356,-6.740823200796356
Jagged Alliance - Back in Action,62.0,73.13015233469139,11.130152334691388,-11.130152334691388
Sudden Strike 4,77.0,75.18572638887129,1.814273611128712,1.814273611128712
Wolfenstein 2: The New Colossus,86.0,78.53557729791103,7.464422702088967,7.464422702088967
Unreal 2: The Awakening,75.0,72.46738536607353,2.532614633926471,2.532614633926471
For Honor,76.0,75.84617396158998,0.15382603841001696,0.15382603841001696
Citizens of Earth,66.0,77.38070949374779,11.380709493747787,-11.380709493747787
Ninja Gaiden (2004),91.0,74.83950586600744,16.160494133992557,16.160494133992557
Five Nights at Freddy's 3,68.0,73.55836571882645,5.558365718826451,-5.558365718826451
There Came an Echo,58.0,70.10144229014026,12.101442290140255,-12.101442290140255
No More Heroes,83.0,79.60599277896947,3.3940072210305345,3.3940072210305345
FIFA 20,68.0,80.33758573343434,12.337585733434338,-12.337585733434338
Dragon Ball Z: Budokai Tenkaichi,72.0,76.63348334413496,4.633483344134959,-4.633483344134959
Dead Rising 2: Off the Record,66.0,66.53964511958567,0.5396451195856713,-0.5396451195856713
A Golden Wake,68.0,68.06648559370598,0.06648559370597695,-0.06648559370597695
UFO: Afterlight,71.0,74.86332582023155,3.8633258202315517,-3.8633258202315517
The Messenger (2018),84.0,75.76616591149221,8.233834088507791,8.233834088507791
King Arthur II: The Role-Playing Wargame,66.0,73.02263724149428,7.02263724149428,-7.02263724149428
Small Radios Big Televisions,67.0,72.26330906812608,5.263309068126077,-5.263309068126077
Punch Club,73.0,86.46683228999149,13.466832289991487,-13.466832289991487
RoboBlitz,80.0,67.5483511419333,12.451648858066704,12.451648858066704
The Outer Worlds,80.0,78.87729824351052,1.1227017564894766,1.1227017564894766
Minecraft,83.0,75.89356391969787,7.106436080302132,7.106436080302132
Jet Set Radio,94.0,80.94014570840162,13.059854291598384,13.059854291598384
They Bleed Pixels,74.0,73.1191980674867,0.8808019325132932,0.8808019325132932
MotoGP 14,76.0,73.509885746832,2.4901142531680023,2.4901142531680023
Closure,78.0,68.6949735744995,9.3050264255005,9.3050264255005
Etherlords II,78.0,74.41075409183846,3.589245908161544,3.589245908161544
Full Spectrum Warrior: Ten Hammers,70.0,70.21763044150845,0.21763044150844735,-0.21763044150844735
BattleBlock Theater,85.0,73.82078351554989,11.179216484450109,11.179216484450109
Foul Play,69.0,70.2832303399054,1.2832303399054013,-1.2832303399054013
Batman: The Enemy Within,68.0,79.3449197411439,11.344919741143897,-11.344919741143897
SHIFT 2 UNLEASHED,84.0,74.54765325082188,9.452346749178119,9.452346749178119
LEGO The Lord of the Rings,80.0,74.21580746548725,5.784192534512755,5.784192534512755
1001 Spikes,80.0,79.35169761660998,0.6483023833900177,0.6483023833900177
Braid,90.0,81.2887226513622,8.711277348637793,8.711277348637793
The Elder Scrolls Online,71.0,77.74824629065346,6.748246290653455,-6.748246290653455
Sid Meier's Starships,64.0,72.7360934984653,8.736093498465294,-8.736093498465294
Sid Meier's Civilization V,90.0,79.27014089349822,10.729859106501777,10.729859106501777
Slender: The Arrival,65.0,72.93095361946166,7.930953619461661,-7.930953619461661
Thomas Was Alone,77.0,83.10122645546551,6.101226455465508,-6.101226455465508
Dragon Age: Origins Awakening,82.0,82.16546647073804,0.1654664707380391,-0.1654664707380391
MDK 2,83.0,75.69670197042382,7.303298029576183,7.303298029576183
Rollers of the Realm,68.0,64.86829894907007,3.1317010509299337,3.1317010509299337
Persona 4 Arena,84.0,80.84524976661497,3.1547502333850304,3.1547502333850304
Impossible Creatures,72.0,76.62503350625022,4.625033506250219,-4.625033506250219
Splatoon 2: Octo Expansion,82.0,81.03548318122208,0.9645168187779234,0.9645168187779234
Halo: Combat Evolved Anniversary,80.0,74.92149968123742,5.078500318762579,5.078500318762579
Contagion,62.0,68.07979971009216,6.079799710092161,-6.079799710092161
Deus Ex 2: Invisible War,80.0,76.21391788560649,3.7860821143935084,3.7860821143935084
Ghostbusters: The Video Game Remastered,68.0,75.74407554379769,7.744075543797692,-7.744075543797692
Darwinia,84.0,73.7977475860253,10.202252413974705,10.202252413974705
NecroVision,63.0,69.9825506060323,6.982550606032305,-6.982550606032305
Hard West,73.0,73.91801049567536,0.918010495675361,-0.918010495675361
Portal 2,95.0,82.9935675361965,12.006432463803506,12.006432463803506
Mars: War Logs,59.0,73.83981576585768,14.83981576585768,-14.83981576585768
Grand Theft Auto: Liberty City Stories,78.0,75.1644152691414,2.8355847308585993,2.8355847308585993
Endless Space 2,82.0,76.13656755567227,5.863432444327728,5.863432444327728
Bejeweled 2,74.0,80.60908691734136,6.609086917341358,-6.609086917341358
Hand of Fate,78.0,73.80271764824867,4.197282351751326,4.197282351751326
Override: Mech City Brawl,64.0,70.62533041811727,6.625330418117272,-6.625330418117272
Aurion: Legacy of the Kori-Odan,69.0,68.7367148244904,0.2632851755095942,0.2632851755095942
Doki Doki Literature Club!,78.0,70.19615963898792,7.803840361012078,7.803840361012078
Halo 2,84.0,72.65798433217822,11.342015667821784,11.342015667821784
Tearaway Unfolded,81.0,76.41042046270908,4.589579537290916,4.589579537290916
Ember,70.0,73.52567494368427,3.5256749436842654,-3.5256749436842654
The Marvellous Miss Take,69.0,66.57672619556155,2.423273804438452,2.423273804438452
James Bond 007: Nightfire (2002),59.0,74.16799639660087,15.16799639660087,-15.16799639660087
Pacific Storm,67.0,69.97785717907546,2.977857179075457,-2.977857179075457
Bloodline Champions,79.0,76.03491599920233,2.965084000797674,2.965084000797674
World of Warcraft: Battle for Azeroth,79.0,79.3647747807283,0.36477478072829683,-0.36477478072829683
0RBITALIS,73.0,70.33895146714029,2.6610485328597093,2.6610485328597093
inMomentum,59.0,74.93747785370955,15.937477853709552,-15.937477853709552
Brink,70.0,76.91729971218663,6.917299712186633,-6.917299712186633
Shadowgrounds Survivor,79.0,69.81254520488697,9.187454795113027,9.187454795113027
Limbo,88.0,79.72255855491186,8.277441445088144,8.277441445088144
Dishonored: Death of the Outsider,83.0,76.24611130329535,6.753888696704649,6.753888696704649
Worms Reloaded,79.0,80.89886231393635,1.8988623139363483,-1.8988623139363483
Age of Empires,83.0,74.0363815102132,8.963618489786796,8.963618489786796
Atlas Reactor,81.0,77.0100039499241,3.989996050075902,3.989996050075902
Return Of The Obra Dinn,88.0,73.8974892828518,14.102510717148206,14.102510717148206
Skies of Arcadia,93.0,80.62895883432498,12.371041165675024,12.371041165675024
Destiny 2: Curse of Osiris,59.0,84.59950390027734,25.59950390027734,-25.59950390027734
Ys Origin,76.0,72.76591210939034,3.2340878906096577,3.2340878906096577
GUN,76.0,77.91114528775077,1.9111452877507702,-1.9111452877507702
Desktop Dungeons,82.0,73.02269615410154,8.977303845898462,8.977303845898462
Slain: Back from Hell,74.0,75.86617469603382,1.8661746960338235,-1.8661746960338235
Konung 2,35.0,72.14437308008554,37.14437308008554,-37.14437308008554
Sid Meier's Pirates!,88.0,76.02953018291923,11.970469817080769,11.970469817080769
Assassin's Creed: Bloodlines,63.0,75.30927737521105,12.309277375211053,-12.309277375211053
Crimzon Clover: World Ignition,85.0,70.46245907844113,14.537540921558872,14.537540921558872
The Chronicles of Riddick: Assault on Dark Athena,81.0,74.07053672569043,6.929463274309569,6.929463274309569
God Mode,58.0,68.62284070832419,10.62284070832419,-10.62284070832419
Long Live The Queen,67.0,76.29087587573932,9.290875875739317,-9.290875875739317
Ground Control Anthology,86.0,72.80290464915828,13.197095350841721,13.197095350841721
The Fidelio Incident,69.0,72.62093364652956,3.620933646529565,-3.620933646529565
Rise of the Tomb Raider,86.0,77.06946751381386,8.930532486186138,8.930532486186138
Diluvion,66.0,68.3834224346823,2.383422434682302,-2.383422434682302
Deus Ex: Mankind Divided,83.0,75.95670061634821,7.043299383651785,7.043299383651785
Fly'N,80.0,69.1626506938557,10.837349306144304,10.837349306144304
Divinity: Original Sin,87.0,78.58128773490859,8.418712265091415,8.418712265091415
DiRT Rally,86.0,80.50877515226004,5.491224847739957,5.491224847739957
Sherlock Holmes versus Jack the Ripper,73.0,71.065134403891,1.934865596109006,1.934865596109006
CODE VEIN,72.0,73.6878797352268,1.687879735226801,-1.687879735226801
Lume,69.0,69.9233109436679,0.9233109436679001,-0.9233109436679001
Far Cry 3,88.0,76.75800388491047,11.241996115089535,11.241996115089535
Arx Fatalis,77.0,76.78009231333458,0.21990768666542237,0.21990768666542237
Bohemian Killing,55.0,76.0496534074036,21.049653407403596,-21.049653407403596
Anomaly Defenders,70.0,69.32211804675421,0.6778819532457874,0.6778819532457874
The Jackbox Party Pack 6,75.0,74.45406014407101,0.5459398559289923,0.5459398559289923
ZOMBI,65.0,65.87991448279345,0.8799144827934526,-0.8799144827934526
Fire Emblem Fates: Birthright,86.0,81.77068752892758,4.229312471072419,4.229312471072419
Battlezone,66.0,70.99056626849493,4.990566268494931,-4.990566268494931
Call of Duty: WWII,77.0,71.87558294741672,5.124417052583283,5.124417052583283
Red Orchestra 2: Heroes of Stalingrad with Rising Storm,76.0,77.05772115036247,1.0577211503624682,-1.0577211503624682
Shu,85.0,68.21931604642849,16.78068395357151,16.78068395357151
Poker Night 2,75.0,79.49761835628554,4.4976183562855425,-4.4976183562855425
Call of Duty: Modern Warfare 3,85.0,78.41214146882496,6.587858531175044,6.587858531175044
Tales of Vesperia: Definitive Edition,81.0,79.5662553305039,1.4337446694960931,1.4337446694960931
Back to the Future: The Game,74.0,76.09243476036929,2.0924347603692866,-2.0924347603692866
SUPERHOT VR,85.0,69.15317785554095,15.846822144459054,15.846822144459054
Tomb Raider: Definitive Edition,86.0,73.51966062967364,12.480339370326362,12.480339370326362
Police Stories,75.0,75.76917399765857,0.7691739976585694,-0.7691739976585694
Lara Croft and the Temple of Osiris,73.0,67.98427201780089,5.01572798219911,5.01572798219911
Test Drive Unlimited 2,72.0,79.30013413187751,7.300134131877513,-7.300134131877513
Resident Evil 7: Biohazard,85.0,77.27396306526472,7.726036934735276,7.726036934735276
Gemini: Heroes Reborn,54.0,70.5528116297477,16.552811629747694,-16.552811629747694
PixelJunk Monsters Ultimate,72.0,75.9403202030686,3.9403202030685947,-3.9403202030685947
League of Legends,78.0,76.39508045246635,1.6049195475336546,1.6049195475336546
Imperator: Rome,76.0,74.4007837219316,1.599216278068397,1.599216278068397
Clandestine,69.0,66.54196537983294,2.458034620167055,2.458034620167055
Total War: ROME II - Emperor Edition,76.0,82.32956871524962,6.329568715249621,-6.329568715249621
SWORD ART ONLINE: Fatal Bullet,66.0,72.8280094794986,6.828009479498604,-6.828009479498604
Rogue Galaxy,83.0,78.84622280753437,4.1537771924656255,4.1537771924656255
Audiosurf 2,76.0,78.73424575520067,2.734245755200675,-2.734245755200675
STAR WARS: The Force Unleashed II,59.0,72.23009686036204,13.230096860362039,-13.230096860362039
Insurgency: Sandstorm,78.0,76.39551071420311,1.6044892857968875,1.6044892857968875
Fire Emblem: Shadow Dragon,81.0,81.77068752892758,0.7706875289275814,-0.7706875289275814
Hearts of Iron 2 Complete,83.0,74.70593982391094,8.294060176089062,8.294060176089062
Clutch,51.0,70.16170564773614,19.16170564773614,-19.16170564773614
World War Z (2019),70.0,73.37439441668724,3.374394416687238,-3.374394416687238
Soldiers: Heroes of World War II,77.0,73.14633233802968,3.85366766197032,3.85366766197032
Arizona Sunshine,81.0,65.0621215583862,15.937878441613805,15.937878441613805
Puzzle Agent 2,63.0,74.88236947771762,11.882369477717617,-11.882369477717617
Assassin's Creed Unity,71.0,78.21184768266647,7.211847682666473,-7.211847682666473
FINAL FANTASY TYPE-0 HD,69.0,69.93708263566785,0.9370826356678492,-0.9370826356678492
F1 2018,84.0,74.98860371943239,9.01139628056761,9.01139628056761
Fallout 4 - Far Harbor,77.0,74.27509604209024,2.72490395790976,2.72490395790976
STEINS;GATE ELITE,86.0,78.87073116754325,7.129268832456745,7.129268832456745
Helldorado,65.0,72.07639939265528,7.076399392655276,-7.076399392655276
GoldenEye 007 (1997),96.0,81.50405317297079,14.495946827029215,14.495946827029215
Journey,92.0,78.77034819311055,13.22965180688945,13.22965180688945
POSTAL 2,59.0,70.26080425045978,11.260804250459785,-11.260804250459785
Grand Theft Auto IV: The Ballad of Gay Tony,88.0,72.53937806940979,15.460621930590207,15.460621930590207
King's Bounty: Armored Princess,82.0,75.2231258667414,6.776874133258602,6.776874133258602
Tenchu Z,56.0,73.70902027088783,17.709020270887834,-17.709020270887834
Neverwinter,74.0,76.59303845530022,2.593038455300217,-2.593038455300217
Offspring Fling!,79.0,75.07692156219278,3.92307843780722,3.92307843780722
BloodRayne,65.0,68.60668680798649,3.6066868079864918,-3.6066868079864918
A Game of Dwarves,60.0,73.24624763082464,13.24624763082464,-13.24624763082464
White Night,68.0,70.37825869866677,2.3782586986667695,-2.3782586986667695
RAGE 2,71.0,80.91474251162654,9.914742511626542,-9.914742511626542
Devil May Cry 3: Dante's Awakening,78.0,77.9543558671599,0.04564413284009561,0.04564413284009561
Octopath Traveler,82.0,74.05145402141741,7.948545978582587,7.948545978582587
007 Legends,37.0,77.47680272705253,40.47680272705253,-40.47680272705253
Sacrifice,89.0,74.04146757777536,14.958532422224636,14.958532422224636
Life is Feudal: Your Own,63.0,67.66195815307154,4.661958153071538,-4.661958153071538
Gears of War,90.0,73.00141202104962,16.998587978950383,16.998587978950383
Elemental: Fallen Enchantress,78.0,71.19233951772253,6.80766048227747,6.80766048227747
Vampire: The Masquerade - Redemption,74.0,72.98361989376218,1.0163801062378184,1.0163801062378184
Bulletstorm,83.0,75.05142609785266,7.948573902147345,7.948573902147345
Kairo,76.0,73.36701287973018,2.632987120269817,2.632987120269817
Cold Fear,66.0,68.54828719219351,2.548287192193513,-2.548287192193513
King's Bounty: Warriors of the North,74.0,72.02222965553004,1.9777703444699597,1.9777703444699597
Lords of the Realm II,77.0,72.26064325762991,4.7393567423700915,4.7393567423700915
Metal Gear Solid 3: Snake Eater,84.0,79.13887528207228,4.861124717927723,4.861124717927723
Kirby: Canvas Curse,86.0,82.40354831068096,3.5964516893190392,3.5964516893190392
Crazy Machines 3,71.0,69.94229282829207,1.057707171707932,1.057707171707932
Shantae: Half-Genie Hero,76.0,73.80382757574996,2.1961724242500367,2.1961724242500367
Resident Evil Code: Veronica,72.0,75.79755936352072,3.797559363520719,-3.797559363520719
LEGO The Hobbit,70.0,76.01969035475057,6.019690354750566,-6.019690354750566
Monster Prom,73.0,68.4720577774287,4.527942222571298,4.527942222571298
ARMS,77.0,82.52256073857592,5.522560738575919,-5.522560738575919
Act of War: Direct Action,82.0,71.32661942732716,10.67338057267284,10.67338057267284
Letter Quest: Grimm's Journey,73.0,71.45007097931693,1.5499290206830665,1.5499290206830665
Made Man,45.0,72.73483630991312,27.73483630991312,-27.73483630991312
Budget Cuts,76.0,67.48979562933107,8.51020437066893,8.51020437066893
Verdun,70.0,72.8109819176007,2.8109819176006994,-2.8109819176006994
Perception,56.0,76.18463336237555,20.18463336237555,-20.18463336237555
Evoland 2,74.0,78.78628332795984,4.786283327959836,-4.786283327959836
Mantis Burn Racing,71.0,72.49739163243679,1.4973916324367877,-1.4973916324367877
Gravity Rush 2,80.0,76.12231312430208,3.8776868756979184,3.8776868756979184
Forza Horizon 4 LEGO Speed Champions,77.0,74.87132815229414,2.12867184770586,2.12867184770586
Astebreed,86.0,74.3669928463809,11.633007153619104,11.633007153619104
Valdis Story: Abyssal City,83.0,79.26640076781976,3.7335992321802394,3.7335992321802394
Left 4 Dead 2,89.0,72.1667079752381,16.833292024761903,16.833292024761903
Ice Age 3 Dawn of the Dinosaurs,59.0,74.43721269322846,15.43721269322846,-15.43721269322846
SOMA,84.0,73.98722639526397,10.012773604736026,10.012773604736026
Danger Zone,64.0,71.25783487467746,7.257834874677457,-7.257834874677457
Lovely Planet,61.0,73.80913514351906,12.809135143519057,-12.809135143519057
